what,kind,bundleId,bundleVersion,description,time
started,bundle,org.eclipse.ltk.ui.refactoring,3.6.0.v20110928-1453,"org.eclipse.ltk.ui.refactoring",1354771055683
deactivated,workbench,org.eclipse.ui.workbench,3.7.1.v20120104-1859,"",1354771057866
activated,workbench,org.eclipse.ui.workbench,3.7.1.v20120104-1859,"",1354771363419
closed,workbench,org.eclipse.ui.workbench,3.7.1.v20120104-1859,"",1354771371839
started,bundle,org.eclipse.compare.core,3.5.200.I20110208-0800,"org.eclipse.compare.core",1354771372396
started,bundle,org.eclipse.compare,3.5.202.R37x_v20111109-0800,"org.eclipse.compare",1354771372398
executed,command,org.eclipse.ui,3.7.0.v20110928-1505,"org.eclipse.ui.file.restartWorkbench",1354771372508
stopped,bundle,overlay.com.android.ide.eclipse.adt.overlay,21.0.0.v201210310015-519525,"overlay.com.android.ide.eclipse.adt.overlay",1354771372646
stopped,bundle,com.android.ide.eclipse.adt,21.0.0.v201210310015-519525,"com.android.ide.eclipse.adt",1354771372649
stopped,bundle,org.eclipse.ui.cheatsheets,3.4.100.v20110425,"org.eclipse.ui.cheatsheets",1354771372650
stopped,bundle,org.eclipse.help.ui,3.5.101.r37_20110819,"org.eclipse.help.ui",1354771372651
stopped,bundle,org.eclipse.epp.mpc.ui,1.1.1.I20110907-0947,"org.eclipse.epp.mpc.ui",1354771372652
stopped,bundle,org.eclipse.epp.usagedata.ui,1.3.1.R201106061540,"org.eclipse.epp.usagedata.ui",1354771372653
stopped,bundle,org.eclipse.ui.intro.universal,3.2.500.v20110510,"org.eclipse.ui.intro.universal",1354771372653
stopped,bundle,org.eclipse.ui.intro,3.4.100.v20110425,"org.eclipse.ui.intro",1354771372654
stopped,bundle,org.eclipse.help.webapp,3.6.1.r37_20110929,"org.eclipse.help.webapp",1354771372655
stopped,bundle,org.eclipse.help.base,3.6.2.v201202080800,"org.eclipse.help.base",1354771372656
stopped,bundle,org.eclipse.equinox.http.jetty,2.0.100.v20110502,"org.eclipse.equinox.http.jetty",1354771372657
stopped,bundle,org.eclipse.m2e.discovery,1.0.200.20111228-1245,"org.eclipse.m2e.discovery",1354771372659
stopped,bundle,org.eclipse.m2e.refactoring,1.0.200.20111228-1245,"org.eclipse.m2e.refactoring",1354771372659
stopped,bundle,org.eclipse.m2e.editor,1.0.200.20111228-1245,"org.eclipse.m2e.editor",1354771372660
stopped,bundle,org.eclipse.m2e.editor.xml,1.0.200.20111228-1245,"org.eclipse.m2e.editor.xml",1354771372662
stopped,bundle,org.eclipse.m2e.jdt,1.0.200.20111228-1245,"org.eclipse.m2e.jdt",1354771372662
stopped,bundle,org.eclipse.m2e.launching,1.0.200.20111228-1245,"org.eclipse.m2e.launching",1354771372663
stopped,bundle,org.eclipse.m2e.usagedata,1.0.200.20111228-1245,"org.eclipse.m2e.usagedata",1354771372663
stopped,bundle,org.eclipse.m2e.logback.configuration,1.0.200.20111228-1245,"org.eclipse.m2e.logback.configuration",1354771372664
stopped,bundle,org.eclipse.m2e.core.ui,1.0.200.20111228-1245,"org.eclipse.m2e.core.ui",1354771372665
stopped,bundle,org.eclipse.m2e.core,1.0.200.20111228-1245,"org.eclipse.m2e.core",1354771372670
stopped,bundle,org.eclipse.egit.mylyn.ui,1.3.0.201202151440-r,"org.eclipse.egit.mylyn.ui",1354771372671
stopped,bundle,org.eclipse.mylyn.bugzilla.ui,3.7.0.v20120319-0200,"org.eclipse.mylyn.bugzilla.ui",1354771372672
stopped,bundle,org.eclipse.mylyn.context.tasks.ui,3.7.0.v20120319-0200,"org.eclipse.mylyn.context.tasks.ui",1354771372672
stopped,bundle,org.eclipse.mylyn.help.ui,3.7.0.v20120319-0200,"org.eclipse.mylyn.help.ui",1354771372676
stopped,bundle,org.eclipse.mylyn.java.tasks,3.7.0.v20120319-0200,"org.eclipse.mylyn.java.tasks",1354771372677
stopped,bundle,org.eclipse.mylyn.tasks.bugs,3.7.0.v20120319-0200,"org.eclipse.mylyn.tasks.bugs",1354771372678
stopped,bundle,org.eclipse.mylyn.team.ui,3.7.0.v20120319-0200,"org.eclipse.mylyn.team.ui",1354771372679
stopped,bundle,org.eclipse.mylyn.wikitext.tasks.ui,1.6.0.v20120319-0200,"org.eclipse.mylyn.wikitext.tasks.ui",1354771372680
stopped,bundle,org.eclipse.mylyn.tasks.ui,3.7.0.v20120319-0200,"org.eclipse.mylyn.tasks.ui",1354771372681
stopped,bundle,org.eclipse.mylyn.commons.notifications.feed,0.9.0.v20120319-0200,"org.eclipse.mylyn.commons.notifications.feed",1354771372681
stopped,bundle,org.eclipse.equinox.jsp.jasper.registry,1.0.200.v20100503,"org.eclipse.equinox.jsp.jasper.registry",1354771372682
stopped,bundle,org.eclipse.equinox.jsp.jasper,1.0.300.v20110502,"org.eclipse.equinox.jsp.jasper",1354771372683
stopped,bundle,org.eclipse.equinox.http.servlet,1.1.200.v20110502,"org.eclipse.equinox.http.servlet",1354771372684
stopped,bundle,org.eclipse.egit.ui,1.3.0.201202151440-r,"org.eclipse.egit.ui",1354771372686
stopped,bundle,org.eclipse.egit.core,1.3.0.201202151440-r,"org.eclipse.egit.core",1354771372687
stopped,bundle,org.eclipse.equinox.p2.ui.sdk,1.0.200.v20110815-1419,"org.eclipse.equinox.p2.ui.sdk",1354771372689
stopped,bundle,org.eclipse.mylyn.ide.ant,3.7.0.v20120319-0200,"org.eclipse.mylyn.ide.ant",1354771372690
stopped,bundle,org.eclipse.ant.ui,3.5.101.v20120110-1739,"org.eclipse.ant.ui",1354771372691
stopped,bundle,org.eclipse.mylyn.java.ui,3.7.0.v20120319-0200,"org.eclipse.mylyn.java.ui",1354771372749
stopped,bundle,org.eclipse.jdt.junit,3.7.0.v20110928-1453,"org.eclipse.jdt.junit",1354771372776
stopped,bundle,org.eclipse.jdt.apt.ui,3.3.300.v20110305-1450,"org.eclipse.jdt.apt.ui",1354771372795
stopped,bundle,org.eclipse.jdt.debug.ui,3.6.1.v20111006_r372,"org.eclipse.jdt.debug.ui",1354771372805
stopped,bundle,org.eclipse.wb.swing.databinding,1.3.0.r37x201202021417,"org.eclipse.wb.swing.databinding",1354771372817
activated,perspective,org.eclipse.jdt.ui,,"org.eclipse.jdt.ui.JavaPerspective",1354771385107
started,bundle,org.eclipse.osgi,3.7.2.v20120110-1415,"org.eclipse.osgi",1354771385108
started,bundle,org.eclipse.core.contenttype,3.4.100.v20110423-0524,"org.eclipse.core.contenttype",1354771385109
started,bundle,org.eclipse.core.databinding.observable,1.4.0.I20110222-0800,"org.eclipse.core.databinding.observable",1354771385110
started,bundle,org.eclipse.core.expressions,3.4.300.v20110228,"org.eclipse.core.expressions",1354771385110
started,bundle,org.eclipse.core.net,1.2.100.I20110511-0800,"org.eclipse.core.net",1354771385111
started,bundle,org.eclipse.core.runtime,3.7.0.v20110110,"org.eclipse.core.runtime",1354771385111
started,bundle,org.eclipse.core.runtime.compatibility,3.2.100.v20100505,"org.eclipse.core.runtime.compatibility",1354771385112
started,bundle,org.eclipse.core.runtime.compatibility.auth,3.2.200.v20110110,"org.eclipse.core.runtime.compatibility.auth",1354771385112
started,bundle,org.eclipse.epp.mpc.ui,1.1.1.I20110907-0947,"org.eclipse.epp.mpc.ui",1354771385113
started,bundle,org.eclipse.epp.usagedata.gathering,1.3.1.R201106061540,"org.eclipse.epp.usagedata.gathering",1354771385114
started,bundle,org.eclipse.epp.usagedata.recording,1.3.1.R201106061540,"org.eclipse.epp.usagedata.recording",1354771385117
started,bundle,org.eclipse.equinox.app,1.3.100.v20110321,"org.eclipse.equinox.app",1354771385118
started,bundle,org.eclipse.equinox.common,3.6.0.v20110523,"org.eclipse.equinox.common",1354771385118
started,bundle,org.eclipse.equinox.ds,1.3.1.R37x_v20110701,"org.eclipse.equinox.ds",1354771385120
started,bundle,org.eclipse.equinox.event,1.2.100.v20110502,"org.eclipse.equinox.event",1354771385121
started,bundle,org.eclipse.equinox.registry,3.5.101.R37x_v20110810-1611,"org.eclipse.equinox.registry",1354771385121
started,bundle,org.eclipse.equinox.security,1.1.1.R37x_v20110822-1018,"org.eclipse.equinox.security",1354771385122
started,bundle,org.eclipse.equinox.util,1.0.300.v20110502,"org.eclipse.equinox.util",1354771385130
started,bundle,org.eclipse.help,3.5.100.v20110426,"org.eclipse.help",1354771385131
started,bundle,org.eclipse.jsch.core,1.1.300.I20110514-0800,"org.eclipse.jsch.core",1354771385131
started,bundle,org.eclipse.team.core,3.6.0.I20110525-0800,"org.eclipse.team.core",1354771385132
started,bundle,org.eclipse.team.cvs.core,3.3.400.I20110510-0800,"org.eclipse.team.cvs.core",1354771385133
started,bundle,org.eclipse.update.configurator,3.3.100.v20100512,"org.eclipse.update.configurator",1354771385133
started,bundle,org.eclipse.update.core,3.2.500.v20110330,"org.eclipse.update.core",1354771385134
started,bundle,org.eclipse.update.scheduler,3.2.300.v20100512,"org.eclipse.update.scheduler",1354771385135
started,bundle,org.eclipse.equinox.simpleconfigurator,1.0.200.v20110815-1438,"org.eclipse.equinox.simpleconfigurator",1354771385136
started,bundle,com.ibm.icu,4.4.2.v20110823,"com.ibm.icu",1354771385136
started,bundle,org.eclipse.core.filebuffers,3.5.200.v20110928-1504,"org.eclipse.core.filebuffers",1354771385137
started,bundle,org.eclipse.core.jobs,3.5.101.v20120113-1953,"org.eclipse.core.jobs",1354771385137
started,bundle,org.eclipse.core.resources,3.7.101.v20120125-1505,"org.eclipse.core.resources",1354771385138
started,bundle,org.eclipse.equinox.p2.core,2.1.1.v20120113-1346,"org.eclipse.equinox.p2.core",1354771385138
started,bundle,org.eclipse.equinox.p2.directorywatcher,1.0.300.v20110815-1419,"org.eclipse.equinox.p2.directorywatcher",1354771385161
started,bundle,org.eclipse.equinox.p2.engine,2.1.1.R37x_v20111003,"org.eclipse.equinox.p2.engine",1354771385161
started,bundle,org.eclipse.equinox.p2.metadata,2.1.0.v20110815-1419,"org.eclipse.equinox.p2.metadata",1354771385162
started,bundle,org.eclipse.equinox.p2.metadata.repository,1.2.0.v20110815-1419,"org.eclipse.equinox.p2.metadata.repository",1354771385163
started,bundle,org.eclipse.equinox.p2.operations,2.1.1.R37x_v20111111,"org.eclipse.equinox.p2.operations",1354771385163
started,bundle,org.eclipse.equinox.p2.reconciler.dropins,1.1.100.v20110815-1419,"org.eclipse.equinox.p2.reconciler.dropins",1354771385164
started,bundle,org.eclipse.equinox.p2.repository,2.1.1.v20120113-1346,"org.eclipse.equinox.p2.repository",1354771385166
started,bundle,org.eclipse.equinox.p2.ui.sdk.scheduler,1.0.100.v20110815-1419,"org.eclipse.equinox.p2.ui.sdk.scheduler",1354771385166
started,bundle,org.eclipse.equinox.p2.updatechecker,1.1.200.v20110815-1419,"org.eclipse.equinox.p2.updatechecker",1354771385167
started,bundle,org.eclipse.equinox.preferences,3.4.2.v20120111-2020,"org.eclipse.equinox.preferences",1354771385168
started,bundle,org.eclipse.jdt.core,3.7.3.v20120119-1537,"org.eclipse.jdt.core",1354771385168
started,bundle,org.eclipse.jdt.core.manipulation,1.4.0.v20110928-1453,"org.eclipse.jdt.core.manipulation",1354771385169
started,bundle,org.eclipse.jdt.ui,3.7.2.v20120109-1427,"org.eclipse.jdt.ui",1354771385173
started,bundle,org.eclipse.jface,3.7.0.v20110928-1505,"org.eclipse.jface",1354771385174
started,bundle,org.eclipse.m2e.logback.configuration,1.0.200.20111228-1245,"org.eclipse.m2e.logback.configuration",1354771385175
started,bundle,org.eclipse.mylyn.bugzilla.core,3.7.0.v20120319-0200,"org.eclipse.mylyn.bugzilla.core",1354771385176
started,bundle,org.eclipse.mylyn.bugzilla.ui,3.7.0.v20120319-0200,"org.eclipse.mylyn.bugzilla.ui",1354771385176
started,bundle,org.eclipse.mylyn.commons.core,3.7.0.v20120319-0200,"org.eclipse.mylyn.commons.core",1354771385177
started,bundle,org.eclipse.mylyn.commons.net,3.7.0.v20120319-0200,"org.eclipse.mylyn.commons.net",1354771385177
started,bundle,org.eclipse.mylyn.commons.notifications.core,0.9.0.v20120319-0200,"org.eclipse.mylyn.commons.notifications.core",1354771385177
started,bundle,org.eclipse.mylyn.commons.notifications.feed,0.9.0.v20120319-0200,"org.eclipse.mylyn.commons.notifications.feed",1354771385178
started,bundle,org.eclipse.mylyn.commons.notifications.ui,0.9.0.v20120319-0200,"org.eclipse.mylyn.commons.notifications.ui",1354771385178
started,bundle,org.eclipse.mylyn.commons.ui,3.7.0.v20120319-0200,"org.eclipse.mylyn.commons.ui",1354771385179
started,bundle,org.eclipse.mylyn.commons.workbench,3.7.0.v20120319-0200,"org.eclipse.mylyn.commons.workbench",1354771385179
started,bundle,org.eclipse.mylyn.context.core,3.7.0.v20120319-0200,"org.eclipse.mylyn.context.core",1354771385180
started,bundle,org.eclipse.mylyn.context.tasks.ui,3.7.0.v20120319-0200,"org.eclipse.mylyn.context.tasks.ui",1354771385181
started,bundle,org.eclipse.mylyn.monitor.ui,3.7.0.v20120319-0200,"org.eclipse.mylyn.monitor.ui",1354771385181
started,bundle,org.eclipse.mylyn.tasks.index.core,3.7.0.v20120319-0200,"org.eclipse.mylyn.tasks.index.core",1354771385182
started,bundle,org.eclipse.mylyn.tasks.ui,3.7.0.v20120319-0200,"org.eclipse.mylyn.tasks.ui",1354771385184
started,bundle,org.eclipse.mylyn.team.ui,3.7.0.v20120319-0200,"org.eclipse.mylyn.team.ui",1354771385185
started,bundle,org.eclipse.search,3.7.0.v20110928-1504,"org.eclipse.search",1354771385185
started,bundle,org.eclipse.team.cvs.ui,3.3.401.v20120126-1227,"org.eclipse.team.cvs.ui",1354771385187
started,bundle,org.eclipse.team.ui,3.6.101.R37x_v20111109-0800,"org.eclipse.team.ui",1354771385188
started,bundle,org.eclipse.ui,3.7.0.v20110928-1505,"org.eclipse.ui",1354771385189
started,bundle,org.eclipse.ui.console,3.5.100.v20111007_r372,"org.eclipse.ui.console",1354771385190
started,bundle,org.eclipse.ui.editors,3.7.0.v20110928-1504,"org.eclipse.ui.editors",1354771385191
started,bundle,org.eclipse.ui.forms,3.5.101.v20111011-1919,"org.eclipse.ui.forms",1354771385191
started,bundle,org.eclipse.ui.ide,3.7.0.v20110928-1505,"org.eclipse.ui.ide",1354771385193
started,bundle,org.eclipse.ui.net,1.2.100.v20111208-1155,"org.eclipse.ui.net",1354771385193
started,bundle,org.eclipse.ui.views,3.6.0.v20110928-1505,"org.eclipse.ui.views",1354771385194
started,bundle,org.eclipse.ui.workbench,3.7.1.v20120104-1859,"org.eclipse.ui.workbench",1354771385194
started,bundle,org.eclipse.ui.workbench.texteditor,3.7.0.v20110928-1504,"org.eclipse.ui.workbench.texteditor",1354771385195
started,bundle,org.eclipse.wb.discovery.core,1.3.0.r37x201202052340,"org.eclipse.wb.discovery.core",1354771385196
os,sysinfo,,,"macosx",1354771385199
arch,sysinfo,,,"x86_64",1354771385200
ws,sysinfo,,,"cocoa",1354771385200
locale,sysinfo,,,"en_US",1354771385200
processors,sysinfo,,,"2",1354771385200
java.runtime.name,sysinfo,,,"Java(TM) SE Runtime Environment",1354771385200
java.runtime.version,sysinfo,,,"1.6.0_37-b06-434-11M3909",1354771385200
java.specification.name,sysinfo,,,"Java Platform API Specification",1354771385200
java.specification.vendor,sysinfo,,,"Sun Microsystems Inc.",1354771385200
java.specification.version,sysinfo,,,"1.6",1354771385200
java.vendor,sysinfo,,,"Apple Inc.",1354771385200
java.version,sysinfo,,,"1.6.0_37",1354771385200
java.vm.info,sysinfo,,,"mixed mode",1354771385200
java.vm.name,sysinfo,,,"Java HotSpot(TM) 64-Bit Server VM",1354771385200
java.vm.specification.name,sysinfo,,,"Java Virtual Machine Specification",1354771385200
java.vm.specification.vendor,sysinfo,,,"Sun Microsystems Inc.",1354771385200
java.vm.specification.version,sysinfo,,,"1.0",1354771385200
java.vm.vendor,sysinfo,,,"Apple Inc.",1354771385200
java.vm.version,sysinfo,,,"20.12-b01-434",1354771385200
started,bundle,org.eclipse.m2e.usagedata,1.0.200.20111228-1245,"org.eclipse.m2e.usagedata",1354771385214
started,bundle,org.eclipse.wb.discovery.ui,1.3.0.r37x201202052340,"org.eclipse.wb.discovery.ui",1354771385880
started,bundle,com.android.ide.eclipse.base,21.0.0.v201210310015-519525,"com.android.ide.eclipse.base",1354771386020
started,bundle,com.android.ide.eclipse.adt,21.0.0.v201210310015-519525,"com.android.ide.eclipse.adt",1354771386168
started,bundle,org.eclipse.core.filesystem,1.3.100.v20110423-0524,"org.eclipse.core.filesystem",1354771386178
started,bundle,org.eclipse.ltk.core.refactoring,3.5.201.r372_v20111101-0700,"org.eclipse.ltk.core.refactoring",1354771386190
started,bundle,org.eclipse.ltk.ui.refactoring,3.6.0.v20110928-1453,"org.eclipse.ltk.ui.refactoring",1354771386191
deactivated,workbench,org.eclipse.ui.workbench,3.7.1.v20120104-1859,"",1354771391537
activated,workbench,org.eclipse.ui.workbench,3.7.1.v20120104-1859,"",1354771396576
closed,workbench,org.eclipse.ui.workbench,3.7.1.v20120104-1859,"",1354771396747
started,bundle,org.eclipse.compare.core,3.5.200.I20110208-0800,"org.eclipse.compare.core",1354771397304
started,bundle,org.eclipse.compare,3.5.202.R37x_v20111109-0800,"org.eclipse.compare",1354771397307
stopped,bundle,overlay.com.android.ide.eclipse.adt.overlay,21.0.0.v201210310015-519525,"overlay.com.android.ide.eclipse.adt.overlay",1354771397597
stopped,bundle,com.android.ide.eclipse.adt,21.0.0.v201210310015-519525,"com.android.ide.eclipse.adt",1354771397600
stopped,bundle,org.eclipse.ui.cheatsheets,3.4.100.v20110425,"org.eclipse.ui.cheatsheets",1354771397602
stopped,bundle,org.eclipse.help.ui,3.5.101.r37_20110819,"org.eclipse.help.ui",1354771397604
stopped,bundle,org.eclipse.epp.mpc.ui,1.1.1.I20110907-0947,"org.eclipse.epp.mpc.ui",1354771397604
stopped,bundle,org.eclipse.epp.usagedata.ui,1.3.1.R201106061540,"org.eclipse.epp.usagedata.ui",1354771397604
stopped,bundle,org.eclipse.ui.intro.universal,3.2.500.v20110510,"org.eclipse.ui.intro.universal",1354771397605
stopped,bundle,org.eclipse.ui.intro,3.4.100.v20110425,"org.eclipse.ui.intro",1354771397606
stopped,bundle,org.eclipse.help.webapp,3.6.1.r37_20110929,"org.eclipse.help.webapp",1354771397606
stopped,bundle,org.eclipse.help.base,3.6.2.v201202080800,"org.eclipse.help.base",1354771397607
stopped,bundle,org.eclipse.equinox.http.jetty,2.0.100.v20110502,"org.eclipse.equinox.http.jetty",1354771397608
stopped,bundle,org.eclipse.m2e.discovery,1.0.200.20111228-1245,"org.eclipse.m2e.discovery",1354771397609
stopped,bundle,org.eclipse.m2e.refactoring,1.0.200.20111228-1245,"org.eclipse.m2e.refactoring",1354771397610
stopped,bundle,org.eclipse.m2e.editor,1.0.200.20111228-1245,"org.eclipse.m2e.editor",1354771397610
stopped,bundle,org.eclipse.m2e.editor.xml,1.0.200.20111228-1245,"org.eclipse.m2e.editor.xml",1354771397611
stopped,bundle,org.eclipse.m2e.jdt,1.0.200.20111228-1245,"org.eclipse.m2e.jdt",1354771397612
stopped,bundle,org.eclipse.m2e.launching,1.0.200.20111228-1245,"org.eclipse.m2e.launching",1354771397613
stopped,bundle,org.eclipse.m2e.usagedata,1.0.200.20111228-1245,"org.eclipse.m2e.usagedata",1354771397613
stopped,bundle,org.eclipse.m2e.logback.configuration,1.0.200.20111228-1245,"org.eclipse.m2e.logback.configuration",1354771397613
stopped,bundle,org.eclipse.m2e.core.ui,1.0.200.20111228-1245,"org.eclipse.m2e.core.ui",1354771397629
stopped,bundle,org.eclipse.m2e.core,1.0.200.20111228-1245,"org.eclipse.m2e.core",1354771397631
stopped,bundle,org.eclipse.egit.mylyn.ui,1.3.0.201202151440-r,"org.eclipse.egit.mylyn.ui",1354771397631
stopped,bundle,org.eclipse.mylyn.bugzilla.ui,3.7.0.v20120319-0200,"org.eclipse.mylyn.bugzilla.ui",1354771397632
stopped,bundle,org.eclipse.mylyn.context.tasks.ui,3.7.0.v20120319-0200,"org.eclipse.mylyn.context.tasks.ui",1354771397632
stopped,bundle,org.eclipse.mylyn.help.ui,3.7.0.v20120319-0200,"org.eclipse.mylyn.help.ui",1354771397632
stopped,bundle,org.eclipse.mylyn.java.tasks,3.7.0.v20120319-0200,"org.eclipse.mylyn.java.tasks",1354771397633
stopped,bundle,org.eclipse.mylyn.tasks.bugs,3.7.0.v20120319-0200,"org.eclipse.mylyn.tasks.bugs",1354771397634
stopped,bundle,org.eclipse.mylyn.team.ui,3.7.0.v20120319-0200,"org.eclipse.mylyn.team.ui",1354771397635
stopped,bundle,org.eclipse.mylyn.wikitext.tasks.ui,1.6.0.v20120319-0200,"org.eclipse.mylyn.wikitext.tasks.ui",1354771397636
stopped,bundle,org.eclipse.mylyn.tasks.ui,3.7.0.v20120319-0200,"org.eclipse.mylyn.tasks.ui",1354771397636
stopped,bundle,org.eclipse.mylyn.commons.notifications.feed,0.9.0.v20120319-0200,"org.eclipse.mylyn.commons.notifications.feed",1354771397636
stopped,bundle,org.eclipse.equinox.jsp.jasper.registry,1.0.200.v20100503,"org.eclipse.equinox.jsp.jasper.registry",1354771397637
stopped,bundle,org.eclipse.equinox.jsp.jasper,1.0.300.v20110502,"org.eclipse.equinox.jsp.jasper",1354771397638
stopped,bundle,org.eclipse.equinox.http.servlet,1.1.200.v20110502,"org.eclipse.equinox.http.servlet",1354771397638
stopped,bundle,org.eclipse.egit.ui,1.3.0.201202151440-r,"org.eclipse.egit.ui",1354771397640
stopped,bundle,org.eclipse.egit.core,1.3.0.201202151440-r,"org.eclipse.egit.core",1354771397640
stopped,bundle,org.eclipse.equinox.p2.ui.sdk,1.0.200.v20110815-1419,"org.eclipse.equinox.p2.ui.sdk",1354771397644
stopped,bundle,org.eclipse.mylyn.ide.ant,3.7.0.v20120319-0200,"org.eclipse.mylyn.ide.ant",1354771397645
stopped,bundle,org.eclipse.ant.ui,3.5.101.v20120110-1739,"org.eclipse.ant.ui",1354771397646
stopped,bundle,org.eclipse.mylyn.java.ui,3.7.0.v20120319-0200,"org.eclipse.mylyn.java.ui",1354771397647
stopped,bundle,org.eclipse.jdt.junit,3.7.0.v20110928-1453,"org.eclipse.jdt.junit",1354771397648
stopped,bundle,org.eclipse.jdt.apt.ui,3.3.300.v20110305-1450,"org.eclipse.jdt.apt.ui",1354771397648
stopped,bundle,org.eclipse.jdt.debug.ui,3.6.1.v20111006_r372,"org.eclipse.jdt.debug.ui",1354771397650
stopped,bundle,org.eclipse.wb.swing.databinding,1.3.0.r37x201202021417,"org.eclipse.wb.swing.databinding",1354771397651
stopped,bundle,org.eclipse.wb.core.databinding,1.3.0.r37x201202052311,"org.eclipse.wb.core.databinding",1354771397654
stopped,bundle,org.eclipse.wb.swing.FormLayout,1.3.0.r37x201202021417,"org.eclipse.wb.swing.FormLayout",1354771397698
stopped,bundle,org.eclipse.wb.swing.MigLayout,1.3.0.r37x201202021417,"org.eclipse.wb.swing.MigLayout",1354771397722
stopped,bundle,org.eclipse.wb.swing.java6,1.3.0.r37x201202021417,"org.eclipse.wb.swing.java6",1354771397730
stopped,bundle,org.eclipse.wb.swing.jsr296,1.3.0.r37x201202021417,"org.eclipse.wb.swing.jsr296",1354771397731
stopped,bundle,org.eclipse.wb.swing,1.3.0.r37x201202021417,"org.eclipse.wb.swing",1354771397732
stopped,bundle,org.eclipse.wb.core.ui,1.3.0.r37x201202052340,"org.eclipse.wb.core.ui",1354771397733
stopped,bundle,org.eclipse.wb.layout.group,1.3.0.r37x201202060028,"org.eclipse.wb.layout.group",1354771397734
activated,perspective,org.eclipse.jdt.ui,,"org.eclipse.jdt.ui.JavaPerspective",1354771411386
started,bundle,org.eclipse.osgi,3.7.2.v20120110-1415,"org.eclipse.osgi",1354771411387
started,bundle,org.eclipse.core.contenttype,3.4.100.v20110423-0524,"org.eclipse.core.contenttype",1354771411388
started,bundle,org.eclipse.core.databinding.observable,1.4.0.I20110222-0800,"org.eclipse.core.databinding.observable",1354771411389
started,bundle,org.eclipse.core.expressions,3.4.300.v20110228,"org.eclipse.core.expressions",1354771411389
started,bundle,org.eclipse.core.net,1.2.100.I20110511-0800,"org.eclipse.core.net",1354771411390
started,bundle,org.eclipse.core.runtime,3.7.0.v20110110,"org.eclipse.core.runtime",1354771411390
started,bundle,org.eclipse.core.runtime.compatibility,3.2.100.v20100505,"org.eclipse.core.runtime.compatibility",1354771411391
started,bundle,org.eclipse.core.runtime.compatibility.auth,3.2.200.v20110110,"org.eclipse.core.runtime.compatibility.auth",1354771411391
started,bundle,org.eclipse.epp.mpc.ui,1.1.1.I20110907-0947,"org.eclipse.epp.mpc.ui",1354771411393
started,bundle,org.eclipse.epp.usagedata.gathering,1.3.1.R201106061540,"org.eclipse.epp.usagedata.gathering",1354771411394
started,bundle,org.eclipse.epp.usagedata.recording,1.3.1.R201106061540,"org.eclipse.epp.usagedata.recording",1354771411394
started,bundle,org.eclipse.equinox.app,1.3.100.v20110321,"org.eclipse.equinox.app",1354771411395
started,bundle,org.eclipse.equinox.common,3.6.0.v20110523,"org.eclipse.equinox.common",1354771411395
started,bundle,org.eclipse.equinox.ds,1.3.1.R37x_v20110701,"org.eclipse.equinox.ds",1354771411396
started,bundle,org.eclipse.equinox.event,1.2.100.v20110502,"org.eclipse.equinox.event",1354771411397
started,bundle,org.eclipse.equinox.registry,3.5.101.R37x_v20110810-1611,"org.eclipse.equinox.registry",1354771411397
started,bundle,org.eclipse.equinox.security,1.1.1.R37x_v20110822-1018,"org.eclipse.equinox.security",1354771411398
started,bundle,org.eclipse.equinox.util,1.0.300.v20110502,"org.eclipse.equinox.util",1354771411399
started,bundle,org.eclipse.help,3.5.100.v20110426,"org.eclipse.help",1354771411399
started,bundle,org.eclipse.jsch.core,1.1.300.I20110514-0800,"org.eclipse.jsch.core",1354771411400
started,bundle,org.eclipse.team.core,3.6.0.I20110525-0800,"org.eclipse.team.core",1354771411400
started,bundle,org.eclipse.team.cvs.core,3.3.400.I20110510-0800,"org.eclipse.team.cvs.core",1354771411401
started,bundle,org.eclipse.update.configurator,3.3.100.v20100512,"org.eclipse.update.configurator",1354771411402
started,bundle,org.eclipse.update.core,3.2.500.v20110330,"org.eclipse.update.core",1354771411402
started,bundle,org.eclipse.update.scheduler,3.2.300.v20100512,"org.eclipse.update.scheduler",1354771411403
started,bundle,org.eclipse.equinox.simpleconfigurator,1.0.200.v20110815-1438,"org.eclipse.equinox.simpleconfigurator",1354771411403
started,bundle,com.ibm.icu,4.4.2.v20110823,"com.ibm.icu",1354771411404
started,bundle,org.eclipse.core.filebuffers,3.5.200.v20110928-1504,"org.eclipse.core.filebuffers",1354771411405
started,bundle,org.eclipse.core.jobs,3.5.101.v20120113-1953,"org.eclipse.core.jobs",1354771411405
started,bundle,org.eclipse.core.resources,3.7.101.v20120125-1505,"org.eclipse.core.resources",1354771411406
started,bundle,org.eclipse.equinox.p2.core,2.1.1.v20120113-1346,"org.eclipse.equinox.p2.core",1354771411406
started,bundle,org.eclipse.equinox.p2.directorywatcher,1.0.300.v20110815-1419,"org.eclipse.equinox.p2.directorywatcher",1354771411407
started,bundle,org.eclipse.equinox.p2.engine,2.1.1.R37x_v20111003,"org.eclipse.equinox.p2.engine",1354771411408
started,bundle,org.eclipse.equinox.p2.metadata,2.1.0.v20110815-1419,"org.eclipse.equinox.p2.metadata",1354771411409
started,bundle,org.eclipse.equinox.p2.metadata.repository,1.2.0.v20110815-1419,"org.eclipse.equinox.p2.metadata.repository",1354771411410
started,bundle,org.eclipse.equinox.p2.operations,2.1.1.R37x_v20111111,"org.eclipse.equinox.p2.operations",1354771411411
started,bundle,org.eclipse.equinox.p2.reconciler.dropins,1.1.100.v20110815-1419,"org.eclipse.equinox.p2.reconciler.dropins",1354771411412
started,bundle,org.eclipse.equinox.p2.repository,2.1.1.v20120113-1346,"org.eclipse.equinox.p2.repository",1354771411412
started,bundle,org.eclipse.equinox.p2.ui.sdk.scheduler,1.0.100.v20110815-1419,"org.eclipse.equinox.p2.ui.sdk.scheduler",1354771411413
started,bundle,org.eclipse.equinox.p2.updatechecker,1.1.200.v20110815-1419,"org.eclipse.equinox.p2.updatechecker",1354771411413
started,bundle,org.eclipse.equinox.preferences,3.4.2.v20120111-2020,"org.eclipse.equinox.preferences",1354771411414
started,bundle,org.eclipse.jdt.core,3.7.3.v20120119-1537,"org.eclipse.jdt.core",1354771411415
started,bundle,org.eclipse.jdt.core.manipulation,1.4.0.v20110928-1453,"org.eclipse.jdt.core.manipulation",1354771411415
started,bundle,org.eclipse.jdt.ui,3.7.2.v20120109-1427,"org.eclipse.jdt.ui",1354771411418
started,bundle,org.eclipse.jface,3.7.0.v20110928-1505,"org.eclipse.jface",1354771411419
started,bundle,org.eclipse.m2e.logback.configuration,1.0.200.20111228-1245,"org.eclipse.m2e.logback.configuration",1354771411419
started,bundle,org.eclipse.mylyn.bugzilla.core,3.7.0.v20120319-0200,"org.eclipse.mylyn.bugzilla.core",1354771411420
started,bundle,org.eclipse.mylyn.bugzilla.ui,3.7.0.v20120319-0200,"org.eclipse.mylyn.bugzilla.ui",1354771411421
started,bundle,org.eclipse.mylyn.commons.core,3.7.0.v20120319-0200,"org.eclipse.mylyn.commons.core",1354771411421
